,rank,IMDB_id,movie_name,year,director,starring,rating,number_of_reviews,genres,country,language,budget,box_office_revenue,runtime
0,1,0111161,The Shawshank Redemption,1994,Frank Darabont,"['Tim Robbins', 'Morgan Freeman', 'Bob Gunton']",9.3,2395380,['Drama'],['USA'],['English'],"$25,000,000","$28,817,291",142
0,2,0068646,The Godfather,1972,Francis Ford Coppola,"['Marlon Brando', 'Al Pacino', 'James Caan']",9.2,1659275,"['Crime', 'Drama']",['USA'],"['English', 'Italian', 'Latin']","$6,000,000","$246,120,986",175
0,3,0071562,The Godfather: Part II,1974,Francis Ford Coppola,"['Al Pacino', 'Robert De Niro', 'Robert Duvall']",9.0,1153451,"['Crime', 'Drama']",['USA'],"['English', 'Italian', 'Spanish', 'Latin', 'Sicilian']","$13,000,000","$48,035,783",202
0,4,0468569,The Dark Knight,2008,Christopher Nolan,"['Christian Bale', 'Heath Ledger', 'Aaron Eckhart']",9.0,2357059,"['Action', 'Crime', 'Drama', 'Thriller']","['USA', 'UK']","['English', 'Mandarin']","$185,000,000","$1,005,973,645",152
0,5,0050083,12 Angry Men,1957,Sidney Lumet,"['Henry Fonda', 'Lee J. Cobb', 'Martin Balsam']",9.0,706423,"['Crime', 'Drama']",['USA'],['English'],"$350,000",$955,96
0,6,0108052,Schindler's List,1993,Steven Spielberg,"['Liam Neeson', 'Ralph Fiennes', 'Ben Kingsley']",8.9,1236736,"['Biography', 'Drama', 'History']",['USA'],"['English', 'Hebrew', 'German', 'Polish', 'Latin']","$22,000,000","$322,161,245",195
0,7,0167260,The Lord of the Rings: The Return of the King,2003,Peter Jackson,"['Elijah Wood', 'Viggo Mortensen', 'Ian McKellen']",8.9,1673134,"['Action', 'Adventure', 'Drama', 'Fantasy']","['New Zealand', 'USA']","['English', 'Quenya', 'Old English', 'Sindarin']","$94,000,000","$1,146,030,912",201
0,8,0110912,Pulp Fiction,1994,Quentin Tarantino,"['John Travolta', 'Uma Thurman', 'Samuel L. Jackson']",8.9,1863232,"['Crime', 'Drama']",['USA'],"['English', 'Spanish', 'French']","$8,000,000","$213,928,762",154
0,9,0060196,"The Good, the Bad and the Ugly",1966,Sergio Leone,"['Clint Eastwood', 'Eli Wallach', 'Lee Van Cleef']",8.8,700603,['Western'],"['Italy', 'Spain', 'West Germany']",['Italian'],"$1,200,000","$25,253,751",161
0,10,0120737,The Lord of the Rings: The Fellowship of the Ring,2001,Peter Jackson,"['Elijah Wood', 'Ian McKellen', 'Orlando Bloom']",8.8,1693881,"['Action', 'Adventure', 'Drama', 'Fantasy']","['New Zealand', 'USA']","['English', 'Sindarin']","$93,000,000","$897,690,072",178
0,11,0137523,Fight Club,1999,David Fincher,"['Brad Pitt', 'Edward Norton', 'Meat Loaf']",8.8,1893056,['Drama'],"['Germany', 'USA']",['English'],"$63,000,000","$101,209,702",139
0,12,0109830,Forrest Gump,1994,Robert Zemeckis,"['Tom Hanks', 'Robin Wright', 'Gary Sinise']",8.8,1852268,"['Drama', 'Romance']",['USA'],['English'],"$55,000,000","$678,226,133",142
0,13,1375666,Inception,2010,Christopher Nolan,"['Leonardo DiCaprio', 'Joseph Gordon-Levitt', 'Elliot Page']",8.8,2115066,"['Action', 'Adventure', 'Sci-Fi', 'Thriller']","['USA', 'UK']","['English', 'Japanese', 'French']","$160,000,000","$836,836,967",148
0,14,0167261,The Lord of the Rings: The Two Towers,2002,Peter Jackson,"['Elijah Wood', 'Ian McKellen', 'Viggo Mortensen']",8.7,1513034,"['Action', 'Adventure', 'Drama', 'Fantasy']","['New Zealand', 'USA']","['English', 'Sindarin', 'Old English']","$94,000,000","$947,495,095",179
0,15,0080684,Star Wars: Episode V - The Empire Strikes Back,1980,Irvin Kershner,"['Mark Hamill', 'Harrison Ford', 'Carrie Fisher']",8.7,1179280,"['Action', 'Adventure', 'Fantasy', 'Sci-Fi']","['USA', 'UK']",['English'],"$18,000,000","$538,375,067",124
0,16,0133093,The Matrix,1999,Lana Wachowski(as The Wachowski Brothers),"['Keanu Reeves', 'Laurence Fishburne', 'Carrie-Anne Moss']",8.7,1711264,"['Action', 'Sci-Fi']","['USA', 'Australia']",['English'],"$63,000,000","$466,364,845",136
0,17,0099685,Goodfellas,1990,Martin Scorsese,"['Robert De Niro', 'Ray Liotta', 'Joe Pesci']",8.7,1043027,"['Biography', 'Crime', 'Drama']",['USA'],"['English', 'Italian']","$25,000,000","$46,952,991",146
0,18,0073486,One Flew Over the Cuckoo's Nest,1975,Milos Forman,"['Jack Nicholson', 'Louise Fletcher', 'Michael Berryman']",8.7,933614,['Drama'],['USA'],['English'],"$3,000,000","$108,997,629",133
0,19,0047478,Seven Samurai,1954,Akira Kurosawa,"['Toshirô Mifune', 'Takashi Shimura', 'Keiko Tsushima']",8.6,321425,"['Action', 'Adventure', 'Drama']",['Japan'],['Japanese'],"JPY125,000,000","$322,773",207
0,20,0114369,Se7en,1995,David Fincher,"['Morgan Freeman', 'Brad Pitt', 'Kevin Spacey']",8.6,1477687,"['Crime', 'Drama', 'Mystery', 'Thriller']",['USA'],['English'],"$33,000,000","$327,333,559",127
0,21,0102926,The Silence of the Lambs,1991,Jonathan Demme,"['Jodie Foster', 'Anthony Hopkins', 'Lawrence A. Bonney']",8.6,1299010,"['Crime', 'Drama', 'Thriller']",['USA'],"['English', 'Latin']","$19,000,000","$272,742,922",118
0,22,0317248,City of God,2002,Fernando Meirelles,"['Alexandre Rodrigues', 'Leandro Firmino', 'Matheus Nachtergaele']",8.6,709504,"['Crime', 'Drama']","['Brazil', 'France', 'Germany']",['Portuguese'],"BRL3,300,000","$30,680,793",130
0,23,0038650,It's a Wonderful Life,1946,Frank Capra,"['James Stewart', 'Donna Reed', 'Lionel Barrymore']",8.6,412580,"['Drama', 'Family', 'Fantasy']",['USA'],"['English', 'French']","$3,180,000","$6,184,298",130
0,24,0118799,Life Is Beautiful,1997,Roberto Benigni,"['Roberto Benigni', 'Nicoletta Braschi', 'Giorgio Cantarini']",8.6,636988,"['Comedy', 'Drama', 'Romance', 'War']",['Italy'],"['Italian', 'German', 'English']","$20,000,000","$230,098,753",116
0,25,0076759,Star Wars: Episode IV - A New Hope,1977,George Lucas,"['Mark Hamill', 'Harrison Ford', 'Carrie Fisher']",8.6,1251358,"['Action', 'Adventure', 'Fantasy', 'Sci-Fi']","['USA', 'UK']",['English'],"$11,000,000","$775,398,007",121
0,26,0120815,Saving Private Ryan,1998,Steven Spielberg,"['Tom Hanks', 'Matt Damon', 'Tom Sizemore']",8.6,1262950,"['Drama', 'War']",['USA'],"['English', 'French', 'German', 'Czech']","$70,000,000","$482,349,603",169
0,27,0245429,Spirited Away,2001,Hayao Miyazaki,"['Daveigh Chase', 'Suzanne Pleshette', 'Miyu Irino']",8.6,671064,"['Animation', 'Adventure', 'Family', 'Fantasy', 'Mystery']",['Japan'],"['Japanese', 'English']","$19,000,000","$355,475,245",125
0,28,0120689,The Green Mile,1999,Frank Darabont,"['Tom Hanks', 'Michael Clarke Duncan', 'David Morse']",8.6,1174012,"['Crime', 'Drama', 'Fantasy', 'Mystery']",['USA'],"['English', 'French']","$60,000,000","$286,801,374",189
0,29,0816692,Interstellar,2014,Christopher Nolan,"['Matthew McConaughey', 'Anne Hathaway', 'Jessica Chastain']",8.6,1559662,"['Adventure', 'Drama', 'Sci-Fi']","['USA', 'UK', 'Canada']",['English'],"$165,000,000","$701,729,206",169
0,30,6751668,Parasite,2019,Bong Joon Ho,"['Kang-ho Song', 'Sun-kyun Lee', 'Yeo-jeong Cho']",8.6,609557,"['Comedy', 'Drama', 'Thriller']",['South Korea'],"['Korean', 'English']","$11,400,000","$258,857,505",132
0,31,0110413,Léon: The Professional,1994,Luc Besson,"['Jean Reno', 'Gary Oldman', 'Natalie Portman']",8.5,1056583,"['Action', 'Crime', 'Drama', 'Thriller']","['France', 'USA']","['English', 'Italian', 'French']","FRF115,000,000","$19,552,639",110
0,32,0056058,Hara-Kiri,1962,Masaki Kobayashi,"['Tatsuya Nakadai', 'Akira Ishihama', 'Shima Iwashita']",8.6,45051,"['Action', 'Drama', 'Mystery']",['Japan'],['Japanese'],,"$15,222",133
0,33,0114814,The Usual Suspects,1995,Bryan Singer,"['Kevin Spacey', 'Gabriel Byrne', 'Chazz Palminteri']",8.5,1007857,"['Crime', 'Mystery', 'Thriller']","['USA', 'Germany']","['English', 'Hungarian', 'Spanish', 'French']","$6,000,000","$23,341,568",106
0,34,0253474,The Pianist,2002,Roman Polanski,"['Adrien Brody', 'Thomas Kretschmann', 'Frank Finlay']",8.5,749089,"['Biography', 'Drama', 'Music', 'War']","['UK', 'France', 'Poland', 'Germany', 'USA']","['English', 'German', 'Russian']","$35,000,000","$120,072,577",150
0,35,0088763,Back to the Future,1985,Robert Zemeckis,"['Michael J. Fox', 'Christopher Lloyd', 'Lea Thompson']",8.5,1082318,"['Adventure', 'Comedy', 'Sci-Fi']",['USA'],['English'],"$19,000,000","$381,906,762",116
0,36,0103064,Terminator 2: Judgment Day,1991,James Cameron,"['Arnold Schwarzenegger', 'Linda Hamilton', 'Edward Furlong']",8.5,1011157,"['Action', 'Sci-Fi']",['USA'],"['English', 'Spanish']","$102,000,000","$520,881,154",137
0,37,0027977,Modern Times,1936,Charles Chaplin(as Charlie Chaplin),"['Charles Chaplin', 'Paulette Goddard', 'Henry Bergman']",8.5,222713,"['Comedy', 'Drama', 'Family', 'Romance']",['USA'],['English'],"$1,500,000","$457,688",87
0,38,0054215,Psycho,1960,Alfred Hitchcock,"['Anthony Perkins', 'Janet Leigh', 'Vera Miles']",8.5,615734,"['Horror', 'Mystery', 'Thriller']",['USA'],['English'],"$806,947","$32,040,242",109
0,39,0110357,The Lion King,1994,Roger Allers,"['Matthew Broderick', 'Jeremy Irons', 'James Earl Jones']",8.5,961678,"['Animation', 'Adventure', 'Drama', 'Family', 'Musical']",['USA'],"['English', 'Swahili', 'Xhosa', 'Zulu']","$45,000,000","$1,083,720,877",88
0,40,0120586,American History X,1998,Tony Kaye,"['Edward Norton', 'Edward Furlong', ""Beverly D'Angelo""]",8.5,1049607,['Drama'],['USA'],['English'],"$20,000,000","$23,875,127",119
0,41,0021749,City Lights,1931,Charles Chaplin,"['Charles Chaplin', 'Virginia Cherrill', 'Florence Lee']",8.5,171164,"['Comedy', 'Drama', 'Romance']",['USA'],"['None', 'English']","$1,500,000","$46,008",87
0,42,0172495,Gladiator,2000,Ridley Scott,"['Russell Crowe', 'Joaquin Phoenix', 'Connie Nielsen']",8.5,1366738,"['Action', 'Adventure', 'Drama']","['USA', 'UK', 'Malta', 'Morocco']",['English'],"$103,000,000","$465,364,545",155
0,43,0407887,The Departed,2006,Martin Scorsese,"['Leonardo DiCaprio', 'Matt Damon', 'Jack Nicholson']",8.5,1213454,"['Crime', 'Drama', 'Thriller']","['USA', 'Hong Kong']","['English', 'Cantonese']","$90,000,000","$291,465,373",151
0,44,2582802,Whiplash,2014,Damien Chazelle,"['Miles Teller', 'J.K. Simmons', 'Melissa Benoist']",8.5,739154,"['Drama', 'Music']",['USA'],['English'],"$3,300,000","$49,396,747",106
0,45,0095327,Grave of the Fireflies,1988,Isao Takahata,"['Tsutomu Tatsumi', 'Ayano Shiraishi', 'Akemi Yamaguchi']",8.5,243150,"['Animation', 'Drama', 'War']","['Japan', 'USA']",['Japanese'],"$3,700,000","$516,962",89
0,46,1675434,The Intouchables,2011,Olivier Nakache,"['François Cluzet', 'Omar Sy', 'Anne Le Ny']",8.5,778710,"['Biography', 'Comedy', 'Drama']",['France'],"['French', 'English']","EUR9,500,000","$426,588,510",112
0,47,0482571,The Prestige,2006,Christopher Nolan,"['Christian Bale', 'Hugh Jackman', 'Scarlett Johansson']",8.5,1216171,"['Drama', 'Mystery', 'Sci-Fi', 'Thriller']","['UK', 'USA']",['English'],"$40,000,000","$109,676,311",130
0,48,0034583,Casablanca,1942,Michael Curtiz,"['Humphrey Bogart', 'Ingrid Bergman', 'Paul Henreid']",8.5,530573,"['Drama', 'Romance', 'War']",['USA'],"['English', 'French', 'German', 'Italian']","$950,000","$4,376,287",102
0,49,0064116,Once Upon a Time in the West,1968,Sergio Leone,"['Henry Fonda', 'Charles Bronson', 'Claudia Cardinale']",8.5,307830,['Western'],"['Italy', 'USA']","['English', 'Italian', 'Spanish']","$5,000,000","$5,434,825",165
0,50,0047396,Rear Window,1954,Alfred Hitchcock,"['James Stewart', 'Grace Kelly', 'Wendell Corey']",8.5,452243,"['Mystery', 'Thriller']",['USA'],['English'],"$1,000,000","$37,034,514",112
0,51,0095765,Cinema Paradiso,1988,Giuseppe Tornatore,"['Philippe Noiret', 'Enzo Cannavale', 'Antonella Attili']",8.5,236558,"['Drama', 'Romance']","['Italy', 'France']",['Italian'],"$5,000,000","$13,019,063",155
0,52,0078748,Alien,1979,Ridley Scott,"['Sigourney Weaver', 'Tom Skerritt', 'John Hurt']",8.4,803231,"['Horror', 'Sci-Fi']","['UK', 'USA']",['English'],"$11,000,000","$106,285,522",117
0,53,0078788,Apocalypse Now,1979,Francis Ford Coppola(as Francis Coppola),"['Martin Sheen', 'Marlon Brando', 'Robert Duvall']",8.4,617394,"['Drama', 'Mystery', 'War']",['USA'],"['English', 'French', 'Vietnamese']","$31,500,000","$92,149,094",147
0,54,0209144,Memento,2000,Christopher Nolan,"['Guy Pearce', 'Carrie-Anne Moss', 'Joe Pantoliano']",8.4,1145234,"['Mystery', 'Thriller']",['USA'],['English'],"$9,000,000","$40,047,078",113
0,55,0082971,Indiana Jones and the Raiders of the Lost Ark,1981,Steven Spielberg,"['Harrison Ford', 'Karen Allen', 'Paul Freeman']",8.4,897615,"['Action', 'Adventure']",['USA'],"['English', 'German', 'Hebrew', 'Spanish', 'Arabic', 'Nepali']","$18,000,000","$389,925,971",115
0,56,0032553,The Great Dictator,1940,Charles Chaplin,"['Charles Chaplin', 'Paulette Goddard', 'Jack Oakie']",8.4,206914,"['Comedy', 'Drama', 'War']",['USA'],"['English', 'Esperanto']","$2,000,000","$969,879",125
0,57,0405094,The Lives of Others,2006,Florian Henckel von Donnersmarck,"['Ulrich Mühe', 'Martina Gedeck', 'Sebastian Koch']",8.4,365445,"['Drama', 'Mystery', 'Thriller']","['Germany', 'France']",['German'],"$2,000,000","$77,356,942",137
0,58,1853728,Django Unchained,2012,Quentin Tarantino,"['Jamie Foxx', 'Christoph Waltz', 'Leonardo DiCaprio']",8.4,1389585,"['Drama', 'Western']",['USA'],"['English', 'German', 'French', 'Italian']","$100,000,000","$426,074,373",165
0,59,0050825,Paths of Glory,1957,Stanley Kubrick,"['Kirk Douglas', 'Ralph Meeker', 'Adolphe Menjou']",8.4,182040,"['Drama', 'War']",['USA'],"['English', 'German', 'Latin']","$935,000","$5,252",88
0,60,0043014,Sunset Blvd.,1950,Billy Wilder,"['William Holden', 'Gloria Swanson', 'Erich von Stroheim']",8.4,205351,"['Drama', 'Film-Noir']",['USA'],['English'],"$1,752,000","$300,073",110
0,61,0910970,WALL·E,2008,Andrew Stanton,"['Ben Burtt', 'Elissa Knight', 'Jeff Garlin']",8.4,1019533,"['Animation', 'Adventure', 'Family', 'Romance', 'Sci-Fi']",['USA'],"['English', 'Hindi']","$180,000,000","$521,311,890",98
0,62,0081505,The Shining,1980,Stanley Kubrick,"['Jack Nicholson', 'Shelley Duvall', 'Danny Lloyd']",8.4,917728,"['Drama', 'Horror']","['UK', 'USA']",['English'],"$19,000,000","$46,998,772",144
0,63,7286456,Joker,2019,Todd Phillips,"['Joaquin Phoenix', 'Robert De Niro', 'Zazie Beetz']",8.4,1000121,"['Crime', 'Drama', 'Thriller']","['USA', 'Canada']",['English'],"$55,000,000","$1,074,251,311",122
0,64,4154756,Avengers: Infinity War,2018,Anthony Russo,"['Robert Downey Jr.', 'Chris Hemsworth', 'Mark Ruffalo']",8.4,878614,"['Action', 'Adventure', 'Sci-Fi']",['USA'],['English'],"$321,000,000","$2,048,359,754",149
0,65,0051201,Witness for the Prosecution,1957,Billy Wilder,"['Tyrone Power', 'Marlene Dietrich', 'Charles Laughton']",8.4,111923,"['Crime', 'Drama', 'Mystery', 'Thriller']",['USA'],"['English', 'German']","$3,000,000","$7,693",116
0,66,0057012,Dr. Strangelove or: How I Learned to Stop Worrying and Love the Bomb,1964,Stanley Kubrick,"['Peter Sellers', 'George C. Scott', 'Sterling Hayden']",8.4,457420,['Comedy'],"['UK', 'USA']","['English', 'Russian']","$1,800,000","$9,444,747",95
0,67,4633694,Spider-Man: Into the Spider-Verse,2018,Bob Persichetti,"['Shameik Moore', 'Jake Johnson', 'Hailee Steinfeld']",8.4,400498,"['Animation', 'Action', 'Adventure', 'Family', 'Sci-Fi']",['USA'],"['English', 'Spanish']","$90,000,000","$375,540,831",117
0,68,0119698,Princess Mononoke,1997,Hayao Miyazaki,"['Yôji Matsuda', 'Yuriko Ishida', 'Yûko Tanaka']",8.4,352686,"['Animation', 'Action', 'Adventure', 'Fantasy']","['Japan', 'USA']",['Japanese'],"JPY2,400,000,000","$169,785,704",134
0,69,0364569,Oldboy,2003,Chan-wook Park,"['Choi Min-sik', 'Yoo Ji-Tae', 'Kang Hye-jeong']",8.4,527101,"['Action', 'Drama', 'Mystery', 'Thriller']",['South Korea'],['Korean'],"$3,000,000","$15,002,116",120
0,70,8503618,Hamilton,2020,Thomas Kail,"['Lin-Manuel Miranda', 'Phillipa Soo', 'Leslie Odom Jr.']",8.5,64608,"['Biography', 'Drama', 'History', 'Musical']",['USA'],['English'],,,160
0,71,0087843,Once Upon a Time in America,1984,Sergio Leone,"['Robert De Niro', 'James Woods', 'Elizabeth McGovern']",8.4,318305,"['Crime', 'Drama']","['Italy', 'USA']","['English', 'Italian', 'French', 'Yiddish', 'Hebrew']","$30,000,000","$5,472,914",229
0,72,5311514,Your Name.,2016,Makoto Shinkai,"['Ryûnosuke Kamiki', 'Mone Kamishiraishi', 'Ryô Narita']",8.4,209104,"['Animation', 'Drama', 'Fantasy', 'Romance']",['Japan'],['Japanese'],"JPY370,000,000","$358,922,706",106
0,73,1345836,The Dark Knight Rises,2012,Christopher Nolan,"['Christian Bale', 'Tom Hardy', 'Anne Hathaway']",8.4,1545686,"['Action', 'Adventure']","['UK', 'USA']","['English', 'Arabic']","$250,000,000","$1,081,142,612",164
0,74,0090605,Aliens,1986,James Cameron,"['Sigourney Weaver', 'Michael Biehn', 'Carrie Henn']",8.3,663046,"['Action', 'Adventure', 'Sci-Fi', 'Thriller']","['UK', 'USA']",['English'],"$18,500,000","$131,060,248",137
0,75,2380307,Coco,2017,Lee Unkrich,"['Anthony Gonzalez', 'Gael García Bernal', 'Benjamin Bratt']",8.4,406224,"['Animation', 'Adventure', 'Drama', 'Family', 'Fantasy', 'Music', 'Mystery']","['USA', 'Mexico']","['English', 'Spanish']","$175,000,000","$807,817,888",105
0,76,0082096,Das Boot,1981,Wolfgang Petersen,"['Jürgen Prochnow', 'Herbert Grönemeyer', 'Klaus Wennemann']",8.3,235574,"['Adventure', 'Drama', 'Thriller', 'War']",['West Germany'],['German'],"DEM32,000,000","$11,487,676",149
0,77,8267604,Capernaum,2018,Nadine Labaki,"['Zain Al Rafeea', 'Yordanos Shiferaw', 'Boluwatife Treasure Bankole']",8.4,69089,['Drama'],"['Lebanon', 'USA', 'France', 'Cyprus', 'Qatar', 'UK']","['Arabic', 'Amharic']","$4,000,000","$64,417,003",126
0,78,4154796,Avengers: Endgame,2019,Anthony Russo,"['Robert Downey Jr.', 'Chris Evans', 'Mark Ruffalo']",8.4,876259,"['Action', 'Adventure', 'Drama', 'Sci-Fi']",['USA'],"['English', 'Japanese', 'Xhosa', 'German']","$356,000,000","$2,797,501,328",181
0,79,0057565,High and Low,1963,Akira Kurosawa,"['Toshirô Mifune', 'Yutaka Sada', 'Tatsuya Nakadai']",8.4,36567,"['Crime', 'Drama', 'Mystery', 'Thriller']",['Japan'],['Japanese'],,"$46,808",143
0,80,0169547,American Beauty,1999,Sam Mendes,"['Kevin Spacey', 'Annette Bening', 'Thora Birch']",8.3,1085078,['Drama'],['USA'],['English'],"$15,000,000","$356,296,601",122
0,81,0114709,Toy Story,1995,John Lasseter,"['Tom Hanks', 'Tim Allen', 'Don Rickles']",8.3,905015,"['Animation', 'Adventure', 'Comedy', 'Family', 'Fantasy']",['USA'],['English'],"$30,000,000","$394,436,586",81
0,82,0112573,Braveheart,1995,Mel Gibson,"['Mel Gibson', 'Sophie Marceau', 'Patrick McGoohan']",8.3,973120,"['Biography', 'Drama', 'History', 'War']",['USA'],"['English', 'French', 'Latin', 'Scottish Gaelic', 'Italian']","$72,000,000","$213,216,216",178
0,83,0086879,Amadeus,1984,Milos Forman,"['F. Murray Abraham', 'Tom Hulce', 'Elizabeth Berridge']",8.3,375004,"['Biography', 'Drama', 'History', 'Music']","['USA', 'France', 'Czechoslovakia', 'Italy']","['English', 'Italian', 'Latin', 'German']","$18,000,000","$52,066,791",160
0,84,1187043,3 Idiots,2009,Rajkumar Hirani,"['Aamir Khan', 'Madhavan', 'Mona Singh']",8.4,355322,"['Comedy', 'Drama']",['India'],"['Hindi', 'English']","INR550,000,000","$60,262,836",170
0,85,0361748,Inglourious Basterds,2009,Quentin Tarantino,"['Brad Pitt', 'Diane Kruger', 'Eli Roth']",8.3,1298208,"['Adventure', 'Drama', 'War']","['USA', 'Germany']","['English', 'German', 'French', 'Italian']","$70,000,000","$321,457,747",153
0,86,0119217,Good Will Hunting,1997,Gus Van Sant,"['Robin Williams', 'Matt Damon', 'Ben Affleck']",8.3,880038,"['Drama', 'Romance']",['USA'],['English'],"$10,000,000","$225,933,435",126
0,87,0086190,Star Wars: Episode VI - Return of the Jedi,1983,Richard Marquand,"['Mark Hamill', 'Harrison Ford', 'Carrie Fisher']",8.3,966437,"['Action', 'Adventure', 'Fantasy', 'Sci-Fi']","['USA', 'UK']",['English'],"$32,500,000","$475,106,177",131
0,88,0062622,2001: A Space Odyssey,1968,Stanley Kubrick,"['Keir Dullea', 'Gary Lockwood', 'William Sylvester']",8.3,614618,"['Adventure', 'Sci-Fi']","['UK', 'USA']","['English', 'Russian']","$12,000,000","$65,783,882",149
0,89,0105236,Reservoir Dogs,1992,Quentin Tarantino,"['Harvey Keitel', 'Tim Roth', 'Michael Madsen']",8.3,935909,"['Crime', 'Drama', 'Thriller']",['USA'],['English'],"$1,200,000","$2,892,430",99
0,90,0022100,M,1931,Fritz Lang,"['Peter Lorre', 'Ellen Widmann', 'Inge Landgut']",8.3,146317,"['Crime', 'Mystery', 'Thriller']",['Germany'],['German'],,"$35,566",117
0,91,0986264,Like Stars on Earth,2007,Aamir Khan,"['Darsheel Safary', 'Aamir Khan', 'Tisca Chopra']",8.4,174679,"['Drama', 'Family']",['India'],['Hindi'],,"$21,897,373",165
0,92,0033467,Citizen Kane,1941,Orson Welles,"['Orson Welles', 'Joseph Cotten', 'Dorothy Comingore']",8.3,412455,"['Drama', 'Mystery']",['USA'],"['English', 'Italian']","$839,727","$1,601,055",119
0,93,0052357,Vertigo,1958,Alfred Hitchcock,"['James Stewart', 'Kim Novak', 'Barbara Bel Geddes']",8.3,371413,"['Mystery', 'Romance', 'Thriller']",['USA'],['English'],"$2,479,000","$7,797,300",128
0,94,0180093,Requiem for a Dream,2000,Darren Aronofsky,"['Ellen Burstyn', 'Jared Leto', 'Jennifer Connelly']",8.3,780261,['Drama'],['USA'],['English'],"$4,500,000","$7,390,108",102
0,95,2106476,The Hunt,2012,Thomas Vinterberg,"['Mads Mikkelsen', 'Thomas Bo Larsen', 'Annika Wedderkopp']",8.3,292532,['Drama'],"['Denmark', 'Sweden']","['Danish', 'English', 'Polish']","$3,800,000","$15,843,274",115
0,96,0045152,Singin' in the Rain,1952,Stanley Donen,"['Gene Kelly', ""Donald O'Connor"", 'Debbie Reynolds']",8.3,223072,"['Comedy', 'Musical', 'Romance']",['USA'],['English'],"$2,540,800","$1,865,056",103
0,97,0053125,North by Northwest,1959,Alfred Hitchcock,"['Cary Grant', 'Eva Marie Saint', 'James Mason']",8.3,303927,"['Adventure', 'Mystery', 'Thriller']",['USA'],"['English', 'French']","$3,101,000","$73,695",136
0,98,0338013,Eternal Sunshine of the Spotless Mind,2004,Michel Gondry,"['Jim Carrey', 'Kate Winslet', 'Tom Wilkinson']",8.3,927617,"['Drama', 'Romance', 'Sci-Fi']",['USA'],['English'],"$20,000,000","$74,036,715",108
0,99,0091251,Come and See,1985,Elem Klimov(as E. Klimov),"['Aleksey Kravchenko', 'Olga Mironova', 'Liubomiras Laucevicius']",8.3,62837,"['Drama', 'Thriller', 'War']",['Soviet Union'],"['Russian', 'Belarusian', 'German']",,"$20,929,068",142
0,100,0040522,Bicycle Thieves,1948,Vittorio De Sica,"['Lamberto Maggiorani', 'Enzo Staiola', 'Lianella Carell']",8.3,149990,['Drama'],['Italy'],"['Italian', 'English', 'German']","$133,000","$428,978",89
0,101,0044741,Ikiru,1952,Akira Kurosawa,"['Takashi Shimura', 'Nobuo Kaneko', ""Shin'ichi Himori""]",8.3,70551,['Drama'],['Japan'],['Japanese'],,"$96,302",143
0,102,0056172,Lawrence of Arabia,1962,David Lean,"[""Peter O'Toole"", 'Alec Guinness', 'Anthony Quinn']",8.3,272699,"['Adventure', 'Biography', 'Drama', 'History', 'War']",['UK'],"['English', 'Arabic', 'Turkish']","$15,000,000","$45,715,757",187
0,103,10272386,The Father,2020,Florian Zeller,"['Anthony Hopkins', 'Olivia Colman', 'Mark Gatiss']",8.3,60348,['Drama'],"['UK', 'France']",['English'],,"$7,270,792",97
0,104,0012349,The Kid,1921,Charles Chaplin(as Charlie Chaplin),"['Charles Chaplin', 'Edna Purviance', 'Jackie Coogan']",8.3,116286,"['Comedy', 'Drama', 'Family']",['USA'],"['None', 'English']","$250,000","$26,916",68
0,105,0093058,Full Metal Jacket,1987,Stanley Kubrick,"['Matthew Modine', 'R. Lee Ermey', ""Vincent D'Onofrio""]",8.3,686418,"['Drama', 'War']","['UK', 'USA']","['English', 'Vietnamese']","$30,000,000","$46,357,676",116
0,106,5074352,Dangal,2016,Nitesh Tiwari,"['Aamir Khan', 'Sakshi Tanwar', 'Fatima Sana Shaikh']",8.4,163554,"['Action', 'Biography', 'Drama', 'Sport']","['India', 'USA', 'UK', 'Australia', 'Kenya', 'Namibia']","['Hindi', 'English']","INR700,000,000","$303,723,636",161
0,107,0066921,A Clockwork Orange,1971,Stanley Kubrick,"['Malcolm McDowell', 'Patrick Magee', 'Michael Bates']",8.3,769926,"['Crime', 'Drama', 'Sci-Fi']","['UK', 'USA']",['English'],"$2,200,000","$26,904,636",136
0,108,0075314,Taxi Driver,1976,Martin Scorsese,"['Robert De Niro', 'Jodie Foster', 'Cybill Shepherd']",8.3,741311,"['Crime', 'Drama']",['USA'],"['English', 'Spanish']","$1,300,000","$28,441,292",114
0,109,0017136,Metropolis,1927,Fritz Lang,"['Brigitte Helm', 'Alfred Abel', 'Gustav Fröhlich']",8.3,162748,"['Drama', 'Sci-Fi']",['Germany'],"['None', 'German']","DEM6,000,000","$1,349,711",153
0,110,0070735,The Sting,1973,George Roy Hill,"['Paul Newman', 'Robert Redford', 'Robert Shaw']",8.3,245434,"['Comedy', 'Crime', 'Drama']",['USA'],['English'],"$5,500,000","$156,000,000",129
0,111,8579674,1917,2019,Sam Mendes,"['Dean-Charles Chapman', 'George MacKay', 'Daniel Mays']",8.3,461429,"['Drama', 'Thriller', 'War']","['USA', 'UK', 'India', 'Spain', 'Canada', 'China']","['English', 'French', 'German']","$95,000,000","$384,987,108",119
0,112,0036775,Double Indemnity,1944,Billy Wilder,"['Fred MacMurray', 'Barbara Stanwyck', 'Edward G. Robinson']",8.3,146210,"['Crime', 'Drama', 'Film-Noir', 'Mystery', 'Thriller']",['USA'],['English'],"$927,262","$14,190",107
0,113,0211915,Amélie,2001,Jean-Pierre Jeunet,"['Audrey Tautou', 'Mathieu Kassovitz', 'Rufus']",8.3,713718,"['Comedy', 'Romance']","['France', 'Germany']","['French', 'Russian', 'English']","$10,000,000","$173,924,742",122
0,114,0053604,The Apartment,1960,Billy Wilder,"['Jack Lemmon', 'Shirley MacLaine', 'Fred MacMurray']",8.3,167593,"['Comedy', 'Drama', 'Romance']",['USA'],['English'],"$3,000,000","$18,778,454",125
0,115,1832382,A Separation,2011,Asghar Farhadi,"['Payman Maadi', 'Leila Hatami', 'Sareh Bayat']",8.3,225182,['Drama'],"['Iran', 'France', 'Australia']",['Persian'],"$500,000","$22,926,076",123
0,116,0208092,Snatch,2000,Guy Ritchie,"['Jason Statham', 'Brad Pitt', 'Stephen Graham']",8.3,794630,"['Comedy', 'Crime']","['UK', 'USA']","['English', 'Russian']","GBP6,000,000","$83,557,872",104
0,117,1255953,Incendies,2010,Denis Villeneuve,"['Lubna Azabal', 'Mélissa Désormeaux-Poulin', 'Maxim Gaudette']",8.3,155440,"['Drama', 'Mystery', 'War']","['Canada', 'France']","['French', 'Arabic', 'English']","$6,800,000","$7,099,598",131
0,118,0086250,Scarface,1983,Brian De Palma,"['Al Pacino', 'Michelle Pfeiffer', 'Steven Bauer']",8.3,758681,"['Crime', 'Drama']",['USA'],"['English', 'Spanish']","$25,000,000","$65,884,703",170
0,119,0435761,Toy Story 3,2010,Lee Unkrich,"['Tom Hanks', 'Tim Allen', 'Joan Cusack']",8.2,770018,"['Animation', 'Adventure', 'Comedy', 'Family', 'Fantasy']",['USA'],"['English', 'Spanish']","$200,000,000","$1,066,970,811",103
0,120,0056592,To Kill a Mockingbird,1962,Robert Mulligan,"['Gregory Peck', 'John Megna', 'Frank Overton']",8.3,297622,"['Crime', 'Drama']",['USA'],['English'],"$2,000,000","$599,146",129
0,121,0059578,For a Few Dollars More,1965,Sergio Leone,"['Clint Eastwood', 'Lee Van Cleef', 'Gian Maria Volontè']",8.2,236949,['Western'],"['Italy', 'Spain', 'West Germany']","['Italian', 'English']","$600,000","$15,000,000",132
0,122,1049413,Up,2009,Pete Docter,"['Edward Asner', 'Jordan Nagai', 'John Ratzenberger']",8.2,953763,"['Animation', 'Adventure', 'Comedy', 'Family']",['USA'],['English'],"$175,000,000","$735,099,102",96
0,123,0097576,Indiana Jones and the Last Crusade,1989,Steven Spielberg,"['Harrison Ford', 'Sean Connery', 'Alison Doody']",8.2,702433,"['Action', 'Adventure']",['USA'],"['English', 'German', 'Greek', 'Arabic']","$48,000,000","$474,171,806",127
0,124,0119488,L.A. Confidential,1997,Curtis Hanson,"['Kevin Spacey', 'Russell Crowe', 'Guy Pearce']",8.2,540730,"['Crime', 'Drama', 'Mystery', 'Thriller']",['USA'],['English'],"$35,000,000","$126,216,940",138
0,125,0042876,Rashomon,1950,Akira Kurosawa,"['Toshirô Mifune', 'Machiko Kyô', 'Masayuki Mori']",8.2,155735,"['Crime', 'Drama', 'Mystery']",['Japan'],['Japanese'],"$250,000","$46,808",88
0,126,0113277,Heat,1995,Michael Mann,"['Al Pacino', 'Robert De Niro', 'Val Kilmer']",8.2,590343,"['Crime', 'Drama', 'Thriller']",['USA'],"['English', 'Spanish']","$60,000,000","$187,436,818",170
0,127,0055630,Yojimbo,1961,Akira Kurosawa,"['Toshirô Mifune', 'Eijirô Tôno', 'Tatsuya Nakadai']",8.2,113621,"['Action', 'Drama', 'Thriller']",['Japan'],['Japanese'],,"$46,808",110
0,128,0095016,Die Hard,1988,John McTiernan,"['Bruce Willis', 'Alan Rickman', 'Bonnie Bedelia']",8.2,804642,"['Action', 'Thriller']",['USA'],"['English', 'German', 'Italian', 'Japanese']","$28,000,000","$141,603,197",132
0,129,0089881,Ran,1985,Akira Kurosawa,"['Tatsuya Nakadai', 'Akira Terao', 'Jinpachi Nezu']",8.2,115390,"['Action', 'Drama', 'War']","['Japan', 'France']",['Japanese'],"$11,500,000","$4,164,283",162
0,130,0071853,Monty Python and the Holy Grail,1975,Terry Gilliam,"['Graham Chapman', 'John Cleese', 'Eric Idle']",8.2,507635,"['Adventure', 'Comedy', 'Fantasy']",['UK'],"['English', 'French', 'Latin']","GBP229,575","$1,940,906",91
0,131,6966692,Green Book,2018,Peter Farrelly,"['Viggo Mortensen', 'Mahershala Ali', 'Linda Cardellini']",8.2,404853,"['Biography', 'Comedy', 'Drama', 'Music']","['USA', 'China']","['English', 'Italian', 'Russian', 'German']","$23,000,000","$321,752,656",130
0,132,0363163,Downfall,2004,Oliver Hirschbiegel,"['Bruno Ganz', 'Alexandra Maria Lara', 'Ulrich Matthes']",8.2,336171,"['Biography', 'Drama', 'History', 'War']","['Germany', 'Austria', 'Italy']","['German', 'Russian', 'French', 'English']","EUR13,500,000","$92,181,574",156
0,133,0372784,Batman Begins,2005,Christopher Nolan,"['Christian Bale', 'Michael Caine', 'Ken Watanabe']",8.2,1332825,"['Action', 'Adventure']","['UK', 'USA']","['English', 'Mandarin']","$150,000,000","$373,661,946",140
0,134,0053291,Some Like It Hot,1959,Billy Wilder,"['Marilyn Monroe', 'Tony Curtis', 'Jack Lemmon']",8.2,248052,"['Comedy', 'Music', 'Romance']",['USA'],['English'],"$2,883,848","$195,088",121
0,135,0042192,All About Eve,1950,Joseph L. Mankiewicz,"['Bette Davis', 'Anne Baxter', 'George Sanders']",8.2,122579,['Drama'],['USA'],"['English', 'French']","$1,400,000","$151,052",138
0,136,0105695,Unforgiven,1992,Clint Eastwood,"['Clint Eastwood', 'Gene Hackman', 'Morgan Freeman']",8.2,382455,"['Drama', 'Western']",['USA'],['English'],"$14,400,000","$159,157,447",130
0,137,0118849,Children of Heaven,1997,Majid Majidi,"['Mohammad Amir Naji', 'Amir Farrokh Hashemian', 'Bahare Seddiqi']",8.3,67385,"['Drama', 'Family', 'Sport']",['Iran'],['Persian'],"$180,000","$933,933",89
0,138,0347149,Howl's Moving Castle,2004,Hayao Miyazaki,"['Chieko Baishô', 'Takuya Kimura', 'Tatsuya Gashûin']",8.2,345134,"['Animation', 'Adventure', 'Family', 'Fantasy']",['Japan'],['Japanese'],"$24,000,000","$236,214,446",119
0,139,0057115,The Great Escape,1963,John Sturges,"['Steve McQueen', 'James Garner', 'Richard Attenborough']",8.2,228485,"['Adventure', 'Drama', 'History', 'Thriller', 'War']",['USA'],"['English', 'German', 'French', 'Russian', 'Spanish']","$4,000,000","$228,178",172
0,140,0993846,The Wolf of Wall Street,2013,Martin Scorsese,"['Leonardo DiCaprio', 'Jonah Hill', 'Margot Robbie']",8.2,1224458,"['Biography', 'Crime', 'Drama']",['USA'],"['English', 'French']","$100,000,000","$392,000,694",180
0,141,0055031,Judgment at Nuremberg,1961,Stanley Kramer,"['Spencer Tracy', 'Burt Lancaster', 'Richard Widmark']",8.2,71187,"['Drama', 'War']",['USA'],"['English', 'German']","$3,000,000","$12,180",179
0,142,0112641,Casino,1995,Martin Scorsese,"['Robert De Niro', 'Sharon Stone', 'Joe Pesci']",8.2,476264,"['Crime', 'Drama']","['USA', 'France']",['English'],"$52,000,000","$116,112,375",178
0,143,0457430,Pan's Labyrinth,2006,Guillermo del Toro,"['Ivana Baquero', 'Ariadna Gil', 'Sergi López']",8.2,627816,"['Drama', 'Fantasy', 'War']","['Mexico', 'Spain']",['Spanish'],"$19,000,000","$83,850,267",118
0,144,0040897,The Treasure of the Sierra Madre,1948,John Huston,"['Humphrey Bogart', 'Walter Huston', 'Tim Holt']",8.2,116240,"['Adventure', 'Drama', 'Western']","['USA', 'Mexico']","['English', 'Spanish']","$3,000,000","$5,014,000",126
0,145,0268978,A Beautiful Mind,2001,Ron Howard,"['Russell Crowe', 'Ed Harris', 'Jennifer Connelly']",8.2,864829,"['Biography', 'Drama']",['USA'],['English'],"$58,000,000","$316,791,257",135
0,146,0469494,There Will Be Blood,2007,Paul Thomas Anderson,"['Daniel Day-Lewis', 'Paul Dano', 'Ciarán Hinds']",8.2,529561,['Drama'],['USA'],"['English', 'American Sign Language']","$25,000,000","$76,182,388",158
0,147,1305806,The Secret in Their Eyes,2009,Juan José Campanella,"['Ricardo Darín', 'Soledad Villamil', 'Pablo Rago']",8.2,196965,"['Drama', 'Mystery', 'Romance', 'Thriller']","['Argentina', 'Spain']",['Spanish'],"$2,000,000","$35,079,650",129
0,148,0081398,Raging Bull,1980,Martin Scorsese,"['Robert De Niro', 'Cathy Moriarty', 'Joe Pesci']",8.2,327315,"['Biography', 'Drama', 'Sport']",['USA'],['English'],"$18,000,000","$23,402,427",129
0,149,0096283,My Neighbor Totoro,1988,Hayao Miyazaki,"['Hitoshi Takagi', 'Noriko Hidaka', 'Chika Sakamoto']",8.2,300496,"['Animation', 'Family', 'Fantasy']",['Japan'],['Japanese'],"$3,700,000","$30,550,727",86
0,150,0071315,Chinatown,1974,Roman Polanski,"['Jack Nicholson', 'Faye Dunaway', 'John Huston']",8.2,300403,"['Drama', 'Mystery', 'Thriller']",['USA'],"['English', 'Cantonese', 'Spanish']","$6,000,000","$29,225,935",130
0,151,0120735,"Lock, Stock and Two Smoking Barrels",1998,Guy Ritchie,"['Jason Flemyng', 'Dexter Fletcher', 'Nick Moran']",8.2,544068,"['Action', 'Comedy', 'Crime']",['UK'],['English'],"GBP960,000","$3,753,929",107
0,152,0015864,The Gold Rush,1925,Charles Chaplin,"['Charles Chaplin', 'Mack Swain', 'Tom Murray']",8.2,103211,"['Adventure', 'Comedy', 'Drama', 'Western']",['USA'],"['None', 'English']","$923,000","$26,916",95
0,153,5027774,"Three Billboards Outside Ebbing, Missouri",2017,Martin McDonagh,"['Frances McDormand', 'Woody Harrelson', 'Sam Rockwell']",8.1,450077,"['Comedy', 'Crime', 'Drama']","['UK', 'USA']",['English'],"$15,000,000","$160,192,267",115
0,154,0046912,Dial M for Murder,1954,Alfred Hitchcock,"['Ray Milland', 'Grace Kelly', 'Robert Cummings']",8.2,161597,"['Crime', 'Thriller']",['USA'],['English'],"$1,400,000","$18,816",105
0,155,0477348,No Country for Old Men,2007,Ethan Coen,"['Tommy Lee Jones', 'Javier Bardem', 'Josh Brolin']",8.1,876992,"['Crime', 'Drama', 'Thriller']",['USA'],"['English', 'Spanish']","$25,000,000","$171,627,166",122
0,156,0050976,The Seventh Seal,1957,Ingmar Bergman,"['Max von Sydow', 'Gunnar Björnstrand', 'Bengt Ekerot']",8.2,169032,"['Drama', 'Fantasy', 'History', 'Thriller']",['Sweden'],"['Swedish', 'Latin']","$150,000","$230,571",96
0,157,1130884,Shutter Island,2010,Martin Scorsese,"['Leonardo DiCaprio', 'Emily Mortimer', 'Mark Ruffalo']",8.2,1160462,"['Mystery', 'Thriller']",['USA'],"['English', 'German']","$80,000,000","$294,805,697",138
0,158,0080678,The Elephant Man,1980,David Lynch,"['Anthony Hopkins', 'John Hurt', 'Anne Bancroft']",8.1,224247,"['Biography', 'Drama']","['USA', 'UK']","['English', 'French']","$5,000,000","$26,023,706",124
0,159,0084787,The Thing,1982,John Carpenter,"['Kurt Russell', 'Wilford Brimley', 'Keith David']",8.1,378631,"['Horror', 'Mystery', 'Sci-Fi']",['USA'],"['English', 'Norwegian']","$15,000,000","$19,632,053",109
0,160,0167404,The Sixth Sense,1999,M. Night Shyamalan,"['Bruce Willis', 'Haley Joel Osment', 'Toni Collette']",8.1,924213,"['Drama', 'Mystery', 'Thriller']",['USA'],"['English', 'Latin', 'Spanish']","$40,000,000","$672,806,292",107
0,161,2096673,Inside Out,2015,Pete Docter,"['Amy Poehler', 'Bill Hader', 'Lewis Black']",8.1,633542,"['Animation', 'Adventure', 'Comedy', 'Drama', 'Family', 'Fantasy']",['USA'],"['English', 'Portuguese']","$175,000,000","$858,071,350",95
0,162,0434409,V for Vendetta,2005,James McTeigue,"['Hugo Weaving', 'Natalie Portman', 'Rupert Graves']",8.1,1048774,"['Action', 'Drama', 'Sci-Fi', 'Thriller']","['USA', 'UK', 'Germany']",['English'],"$54,000,000","$132,511,035",132
0,163,0041959,The Third Man,1949,Carol Reed,"['Orson Welles', 'Joseph Cotten', 'Alida Valli']",8.1,161426,"['Film-Noir', 'Mystery', 'Thriller']",['UK'],"['English', 'German', 'Russian']",,"$1,226,797",104
0,164,4729430,Klaus,2019,Sergio Pablos,"['Jason Schwartzman', 'J.K. Simmons', 'Rashida Jones']",8.2,112726,"['Animation', 'Adventure', 'Comedy', 'Family']","['Spain', 'UK', 'USA']","['English', 'Saami']","$40,000,000",,96
0,165,0083658,Blade Runner,1982,Ridley Scott,"['Harrison Ford', 'Rutger Hauer', 'Sean Young']",8.1,705511,"['Action', 'Sci-Fi', 'Thriller']",['USA'],"['English', 'German', 'Cantonese', 'Japanese', 'Hungarian', 'Arabic', 'Korean']","$28,000,000","$41,676,878",117
0,166,0476735,My Father and My Son,2005,Cagan Irmak,"['Eser Sariyar', 'Çetin Tekindor', 'Fikret Kuskan']",8.3,80956,"['Drama', 'Family']",['Turkey'],['Turkish'],,"$18,612,999",112
0,167,0050212,The Bridge on the River Kwai,1957,David Lean,"['William Holden', 'Alec Guinness', 'Jack Hawkins']",8.1,206694,"['Adventure', 'Drama', 'War']","['UK', 'USA']","['English', 'Japanese', 'Thai']","$3,000,000","$27,200,000",161
0,168,0117951,Trainspotting,1996,Danny Boyle,"['Ewan McGregor', 'Ewen Bremner', 'Jonny Lee Miller']",8.1,643625,['Drama'],['UK'],['English'],"GBP1,500,000","$16,607,872",93
0,169,0050986,Wild Strawberries,1957,Ingmar Bergman,"['Victor Sjöström', 'Bibi Andersson', 'Ingrid Thulin']",8.2,98732,"['Drama', 'Romance']",['Sweden'],"['Swedish', 'Latin']",,"$14,524",91
0,170,1291584,Warrior,2011,Gavin O'Connor,"['Tom Hardy', 'Nick Nolte', 'Joel Edgerton']",8.1,442525,"['Action', 'Drama', 'Sport']",['USA'],"['English', 'Spanish']","$25,000,000","$23,308,615",140
0,171,0120382,The Truman Show,1998,Peter Weir,"['Jim Carrey', 'Ed Harris', 'Laura Linney']",8.1,962821,"['Comedy', 'Drama']",['USA'],['English'],"$60,000,000","$264,118,201",103
0,172,0107290,Jurassic Park,1993,Steven Spielberg,"['Sam Neill', 'Laura Dern', 'Jeff Goldblum']",8.1,884961,"['Action', 'Adventure', 'Sci-Fi', 'Thriller']",['USA'],"['English', 'Spanish']","$63,000,000","$1,033,928,303",127
0,173,0116282,Fargo,1996,Joel Coen,"['William H. Macy', 'Frances McDormand', 'Steve Buscemi']",8.1,629359,"['Crime', 'Drama', 'Thriller']","['USA', 'UK']",['English'],"$7,000,000","$60,611,975",98
0,174,0266543,Finding Nemo,2003,Andrew Stanton,"['Albert Brooks', 'Ellen DeGeneres', 'Alexander Gould']",8.1,965032,"['Animation', 'Adventure', 'Comedy', 'Family']",['USA'],['English'],"$94,000,000","$940,352,645",100
0,175,0031381,Gone with the Wind,1939,Victor Fleming,"['Clark Gable', 'Vivien Leigh', 'Thomas Mitchell']",8.1,294611,"['Drama', 'History', 'Romance', 'War']",['USA'],['English'],"$3,977,000","$402,352,579",238
0,176,0353969,Memories of Murder,2003,Bong Joon Ho,"['Kang-ho Song', 'Kim Sang-kyung', 'Roe-ha Kim']",8.1,148127,"['Crime', 'Drama', 'Mystery', 'Thriller']",['South Korea'],"['Korean', 'English']","$2,800,000","$1,159,644",131
0,177,0046438,Tokyo Story,1953,Yasujirô Ozu,"['Chishû Ryû', 'Chieko Higashiyama', 'Sô Yamamura']",8.2,54980,['Drama'],['Japan'],"['Japanese', 'English']",,"$40,468",136
0,178,0266697,Kill Bill: Vol. 1,2003,Quentin Tarantino,"['Uma Thurman', 'David Carradine', 'Daryl Hannah']",8.1,1019084,"['Action', 'Crime', 'Drama', 'Thriller']",['USA'],"['English', 'Japanese', 'French']","$30,000,000","$180,906,076",111
0,179,0047296,On the Waterfront,1954,Elia Kazan,"['Marlon Brando', 'Karl Malden', 'Lee J. Cobb']",8.1,144601,"['Crime', 'Drama', 'Thriller']",['USA'],['English'],"$910,000",,108
0,180,0079944,Stalker,1979,Andrei Tarkovsky,"['Alisa Freyndlikh', 'Aleksandr Kaydanovskiy', 'Anatoliy Solonitsyn']",8.1,120350,"['Drama', 'Sci-Fi']",['Soviet Union'],['Russian'],"RUR6,000,000","$303,815",162
0,181,0017925,The General,1926,Clyde Bruckman,"['Buster Keaton', 'Marion Mack', 'Glen Cavender']",8.1,82738,"['Action', 'Adventure', 'Comedy', 'Drama', 'War']",['USA'],"['None', 'English']","$750,000",,67
0,182,0077416,The Deer Hunter,1978,Michael Cimino,"['Robert De Niro', 'Christopher Walken', 'John Cazale']",8.1,316778,"['Drama', 'War']",['USA'],"['English', 'Vietnamese', 'French', 'Russian', 'Cantonese']","$15,000,000","$49,074,379",183
0,183,3011894,Wild Tales,2014,Damián Szifron,"['Darío Grandinetti', 'María Marull', 'Mónica Villa']",8.1,182000,"['Comedy', 'Drama', 'Thriller']","['Argentina', 'Spain', 'France', 'UK']",['Spanish'],"$3,300,000","$30,642,704",122
0,184,1205489,Gran Torino,2008,Clint Eastwood,"['Clint Eastwood', 'Bee Vang', 'Christopher Carley']",8.1,730077,['Drama'],"['Germany', 'USA']","['English', 'Hmong']","$33,000,000","$269,958,228",116
0,185,0015324,Sherlock Jr.,1924,Buster Keaton,"['Buster Keaton', 'Kathryn McGuire', 'Joe Keaton']",8.2,43612,"['Action', 'Comedy', 'Romance']",['USA'],"['None', 'English']",,,45
0,186,3170832,Room,2015,Lenny Abrahamson,"['Brie Larson', 'Jacob Tremblay', 'Sean Bridgers']",8.1,381944,"['Drama', 'Thriller']","['Canada', 'Ireland', 'UK', 'USA']",['English'],"$13,000,000","$35,401,758",118
0,187,2278388,The Grand Budapest Hotel,2014,Wes Anderson,"['Ralph Fiennes', 'F. Murray Abraham', 'Mathieu Amalric']",8.1,726915,"['Adventure', 'Comedy', 'Crime']","['Germany', 'USA']","['English', 'French', 'German']","$25,000,000","$172,945,750",99
0,188,0978762,Mary and Max,2009,Adam Elliot,"['Toni Collette', 'Philip Seymour Hoffman', 'Eric Bana']",8.1,167144,"['Animation', 'Comedy', 'Drama', 'Family']","['Australia', 'USA']","['English', 'Yiddish']","AUD8,240,000","$1,740,429",92
0,189,0060827,Persona,1966,Ingmar Bergman,"['Bibi Andersson', 'Liv Ullmann', 'Margaretha Krook']",8.1,106475,"['Drama', 'Thriller']",['Sweden'],"['Swedish', 'English']",,"$89,176",85
0,190,0112471,Before Sunrise,1995,Richard Linklater,"['Ethan Hawke', 'Julie Delpy', 'Andrea Eckert']",8.1,278995,"['Drama', 'Romance']","['USA', 'Austria', 'Switzerland']","['English', 'German', 'French']","$2,500,000","$5,987,386",101
0,191,0107207,In the Name of the Father,1993,Jim Sheridan,"['Daniel Day-Lewis', 'Pete Postlethwaite', 'Alison Crosbie']",8.1,161562,"['Biography', 'Crime', 'Drama']","['Ireland', 'UK']",['English'],"$13,000,000","$65,796,862",133
0,192,0031679,Mr. Smith Goes to Washington,1939,Frank Capra,"['James Stewart', 'Jean Arthur', 'Claude Rains']",8.1,108707,"['Comedy', 'Drama']",['USA'],['English'],"$1,900,000","$144,738",129
0,193,1392214,Prisoners,2013,Denis Villeneuve,"['Hugh Jackman', 'Jake Gyllenhaal', 'Viola Davis']",8.1,617549,"['Crime', 'Drama', 'Mystery', 'Thriller']",['USA'],['English'],"$46,000,000","$122,126,687",153
0,194,2267998,Gone Girl,2014,David Fincher,"['Ben Affleck', 'Rosamund Pike', 'Neil Patrick Harris']",8.1,882846,"['Drama', 'Mystery', 'Thriller']",['USA'],['English'],"$61,000,000","$369,330,363",149
0,195,0035446,To Be or Not to Be,1942,Ernst Lubitsch,"['Carole Lombard', 'Jack Benny', 'Robert Stack']",8.2,31585,"['Comedy', 'Romance', 'War']",['USA'],"['English', 'German']",,"$4,578,000",99
0,196,0264464,Catch Me If You Can,2002,Steven Spielberg,"['Leonardo DiCaprio', 'Tom Hanks', 'Christopher Walken']",8.1,856680,"['Biography', 'Crime', 'Drama']","['USA', 'Canada']","['English', 'French']","$52,000,000","$352,114,312",141
0,197,2119532,Hacksaw Ridge,2016,Mel Gibson,"['Andrew Garfield', 'Sam Worthington', 'Luke Bracey']",8.1,451055,"['Biography', 'Drama', 'History', 'War']","['Australia', 'USA']","['English', 'Japanese']","$40,000,000","$180,563,636",139
0,198,0072684,Barry Lyndon,1975,Stanley Kubrick,"[""Ryan O'Neal"", 'Marisa Berenson', 'Patrick Magee']",8.1,153459,"['Adventure', 'Drama', 'History', 'War']","['UK', 'USA']","['English', 'German', 'French']","$11,000,000","$198,992",185
0,199,0118715,The Big Lebowski,1998,Joel Coen,"['Jeff Bridges', 'John Goodman', 'Julianne Moore']",8.1,745631,"['Comedy', 'Crime', 'Sport']","['USA', 'UK']","['English', 'German', 'Hebrew', 'Spanish']","$15,000,000","$46,748,672",117
0,200,8108198,Andhadhun,2018,Sriram Raghavan,"['Ayushmann Khurrana', 'Tabu', 'Radhika Apte']",8.2,76713,"['Crime', 'Drama', 'Music', 'Mystery', 'Thriller']",['India'],"['Hindi', 'English']","$4,500,000","$62,475,342",139
0,201,2024544,12 Years a Slave,2013,Steve McQueen,"['Chiwetel Ejiofor', 'Michael Kenneth Williams', 'Michael Fassbender']",8.1,652729,"['Biography', 'Drama', 'History']","['USA', 'UK']",['English'],"$20,000,000","$187,733,202",134
0,202,1950186,Ford v Ferrari,2019,James Mangold,"['Matt Damon', 'Christian Bale', 'Jon Bernthal']",8.1,313908,"['Action', 'Biography', 'Drama', 'Sport']",['USA'],"['English', 'Italian', 'French', 'Japanese']","$97,600,000","$225,508,210",152
0,203,0019254,The Passion of Joan of Arc,1928,Carl Theodor Dreyer(as Carl Th. Dreyer),"['Maria Falconetti', 'Eugene Silvain', 'André Berley']",8.1,49108,"['Biography', 'Drama', 'History']",['France'],"['None', 'French']",,"$21,877",110
0,204,0892769,How to Train Your Dragon,2010,Dean DeBlois,"['Jay Baruchel', 'Gerard Butler', 'Christopher Mintz-Plasse']",8.1,678963,"['Animation', 'Action', 'Adventure', 'Family', 'Fantasy']",['USA'],['English'],"$165,000,000","$494,879,471",98
0,205,1392190,Mad Max: Fury Road,2015,George Miller,"['Tom Hardy', 'Charlize Theron', 'Nicholas Hoult']",8.1,902789,"['Action', 'Adventure', 'Sci-Fi', 'Thriller']","['Australia', 'USA']","['English', 'Russian']","$150,000,000","$376,109,824",120
0,206,0046268,The Wages of Fear,1953,Henri-Georges Clouzot,"['Yves Montand', 'Charles Vanel', 'Peter van Eyck']",8.1,55920,"['Adventure', 'Drama', 'Thriller']","['France', 'Italy']","['French', 'English', 'Spanish', 'German', 'Italian', 'Russian']",,"$1,098",131
0,207,0405159,Million Dollar Baby,2004,Clint Eastwood,"['Hilary Swank', 'Clint Eastwood', 'Morgan Freeman']",8.1,645847,"['Drama', 'Sport']",['USA'],"['English', 'Irish']","$30,000,000","$216,763,646",132
0,208,0052618,Ben-Hur,1959,William Wyler,"['Charlton Heston', 'Jack Hawkins', 'Stephen Boyd']",8.1,222970,"['Adventure', 'Drama', 'History']",['USA'],['English'],"$15,000,000","$74,427,638",212
0,209,0074958,Network,1976,Sidney Lumet,"['Faye Dunaway', 'William Holden', 'Peter Finch']",8.1,147522,['Drama'],['USA'],['English'],"$3,800,000","$23,690,757",121
0,210,0097165,Dead Poets Society,1989,Peter Weir,"['Robin Williams', 'Robert Sean Leonard', 'Ethan Hawke']",8.1,437278,"['Comedy', 'Drama']",['USA'],"['English', 'Latin']","$16,400,000","$235,860,116",128
0,211,0092005,Stand by Me,1986,Rob Reiner,"['Wil Wheaton', 'River Phoenix', 'Corey Feldman']",8.1,369574,"['Adventure', 'Drama']",['USA'],['English'],"$8,000,000","$52,287,414",89
0,212,0077711,Autumn Sonata,1978,Ingmar Bergman,"['Ingrid Bergman', 'Liv Ullmann', 'Lena Nyman']",8.2,28855,"['Drama', 'Music']","['West Germany', 'Sweden', 'UK']","['Swedish', 'English']",,"$14,338",99
0,213,1201607,Harry Potter and the Deathly Hallows: Part 2,2011,David Yates,"['Daniel Radcliffe', 'Emma Watson', 'Rupert Grint']",8.1,782587,"['Adventure', 'Drama', 'Fantasy', 'Mystery']","['UK', 'USA']",['English'],"$125,000,000","$1,342,321,665",130
0,214,0061512,Cool Hand Luke,1967,Stuart Rosenberg,"['Paul Newman', 'George Kennedy', 'Strother Martin']",8.1,164803,"['Crime', 'Drama']",['USA'],['English'],"$3,200,000",,127
0,215,0053198,The 400 Blows,1959,François Truffaut,"['Jean-Pierre Léaud', 'Albert Rémy', 'Claire Maurier']",8.1,108009,"['Crime', 'Drama']",['France'],"['French', 'English']",,"$127,244",99
0,216,0116231,The Bandit,1996,Yavuz Turgul,"['Sener Sen', 'Ugur Yücel', 'Sermin Hürmeriç']",8.2,65806,"['Crime', 'Drama', 'Thriller']","['Turkey', 'France', 'Bulgaria']",['Turkish'],"TRL1,200,000",,128
0,217,4016934,The Handmaiden,2016,Chan-wook Park,"['Kim Min-hee', 'Jung-woo Ha', 'Cho Jin-woong']",8.1,120712,"['Drama', 'Romance', 'Thriller']",['South Korea'],"['Korean', 'Japanese']","KRW10,000,000,000","$37,767,206",145
0,218,3315342,Logan,2017,James Mangold,"['Hugh Jackman', 'Patrick Stewart', 'Dafne Keen']",8.1,666247,"['Action', 'Drama', 'Sci-Fi', 'Thriller']",['USA'],"['English', 'Spanish']","$97,000,000","$619,179,950",137
0,219,0091763,Platoon,1986,Oliver Stone,"['Charlie Sheen', 'Tom Berenger', 'Willem Dafoe']",8.1,387401,"['Drama', 'War']","['USA', 'UK']","['English', 'Vietnamese']","$6,000,000","$138,545,632",120
0,220,1028532,Hachi: A Dog's Tale,2009,Lasse Hallström,"['Richard Gere', 'Joan Allen', 'Cary-Hiroyuki Tagawa']",8.1,259928,"['Biography', 'Drama', 'Family']","['UK', 'USA']","['English', 'Japanese']","$16,000,000","$46,749,646",93
0,221,0113247,La Haine,1995,Mathieu Kassovitz,"['Vincent Cassel', 'Hubert Koundé', 'Saïd Taghmaoui']",8.1,154945,"['Crime', 'Drama']",['France'],['French'],"EUR2,590,000","$302,606",98
0,222,0079470,Monty Python's Life of Brian,1979,Terry Jones,"['Graham Chapman', 'John Cleese', 'Michael Palin']",8.1,373333,['Comedy'],['UK'],"['English', 'Latin']","$4,000,000","$20,742,852",94
0,223,1895587,Spotlight,2015,Tom McCarthy,"['Mark Ruffalo', 'Michael Keaton', 'Rachel McAdams']",8.1,431033,"['Biography', 'Crime', 'Drama']",['USA'],['English'],"$20,000,000","$98,690,254",129
0,224,0395169,Hotel Rwanda,2004,Terry George,"['Don Cheadle', 'Sophie Okonedo', 'Joaquin Phoenix']",8.1,338574,"['Biography', 'Drama', 'History', 'War']","['UK', 'South Africa', 'Italy', 'USA']","['English', 'French', 'Kinyarwanda']","$17,500,000","$33,882,243",121
0,225,0758758,Into the Wild,2007,Sean Penn,"['Emile Hirsch', 'Vince Vaughn', 'Catherine Keener']",8.1,583892,"['Adventure', 'Biography', 'Drama']",['USA'],"['English', 'Danish']","$15,000,000","$56,675,895",148
0,226,1979320,Rush,2013,Ron Howard,"['Daniel Brühl', 'Chris Hemsworth', 'Olivia Wilde']",8.1,442661,"['Action', 'Biography', 'Drama', 'Sport']","['UK', 'Germany', 'USA']","['English', 'German', 'Italian', 'French', 'Spanish']","$38,000,000","$96,983,009",123
0,227,0032976,Rebecca,1940,Alfred Hitchcock,"['Laurence Olivier', 'Joan Fontaine', 'George Sanders']",8.1,126421,"['Drama', 'Mystery', 'Romance', 'Thriller']",['USA'],"['English', 'French']","$1,288,000","$72,275",130
0,228,0198781,"Monsters, Inc.",2001,Pete Docter,"['Billy Crystal', 'John Goodman', 'Mary Gibbs']",8.1,830609,"['Animation', 'Adventure', 'Comedy', 'Family', 'Fantasy']",['USA'],['English'],"$115,000,000","$579,707,738",92
0,229,0060107,Andrei Rublev,1966,Andrei Tarkovsky(as Andrey Tarkovskiy),"['Anatoliy Solonitsyn', 'Ivan Lapikov', 'Nikolay Grinko']",8.1,48512,"['Biography', 'Drama', 'History']",['Soviet Union'],"['Russian', 'Italian', 'Tatar']","RUR1,000,000","$145,491",165
0,230,0245712,Amores Perros,2000,Alejandro G. Iñárritu(as Alejandro González Iñárritu),"['Emilio Echevarría', 'Gael García Bernal', 'Goya Toledo']",8.1,227067,"['Drama', 'Thriller']",['Mexico'],['Spanish'],"$2,000,000","$20,908,467",154
0,231,7060344,Raatchasan,2018,Ram Kumar,"['Vishnu Vishal', 'Amala Paul', 'Radha Ravi']",8.5,29811,"['Action', 'Crime', 'Thriller']",['India'],['Tamil'],,,170
0,232,0075148,Rocky,1976,John G. Avildsen,"['Sylvester Stallone', 'Talia Shire', 'Burt Young']",8.1,528483,"['Drama', 'Sport']",['USA'],['English'],"$960,000","$117,250,382",120
0,233,0118694,In the Mood for Love,2000,Kar-Wai Wong,"['Tony Chiu-Wai Leung', 'Maggie Cheung', 'Ping Lam Siu']",8.1,130063,"['Drama', 'Romance']","['Hong Kong', 'China']","['Cantonese', 'Shanghainese', 'French', 'Spanish']",,"$14,150,905",98
0,234,0087544,Nausicaä of the Valley of the Wind,1984,Hayao Miyazaki,"['Sumi Shimamoto', 'Mahito Tsujimura', 'Hisako Kyôda']",8.1,155062,"['Animation', 'Adventure', 'Fantasy', 'Sci-Fi']",['Japan'],['Japanese'],"$1,000,000","$8,736,506",117
0,235,0025316,It Happened One Night,1934,Frank Capra,"['Clark Gable', 'Claudette Colbert', 'Walter Connolly']",8.1,96001,"['Comedy', 'Romance']",['USA'],['English'],"$325,000",,105
0,236,5323662,A Silent Voice: The Movie,2016,Naoko Yamada,"['Miyu Irino', 'Saori Hayami', 'Aoi Yûki']",8.2,54475,"['Animation', 'Drama', 'Family', 'Romance']",['Japan'],"['Japanese', 'Japanese Sign Language']",,"$30,490,447",130
0,237,1954470,Gangs of Wasseypur,2012,Anurag Kashyap,"['Manoj Bajpayee', 'Richa Chadha', 'Nawazuddin Siddiqui']",8.2,85374,"['Action', 'Comedy', 'Crime', 'Drama', 'Thriller']",['India'],['Hindi'],"INR184,000,000","$4,384,642",321
0,238,0058946,The Battle of Algiers,1966,Gillo Pontecorvo,"['Brahim Hadjadj', 'Jean Martin', 'Yacef Saadi']",8.1,54554,"['Drama', 'War']","['Italy', 'Algeria']","['Arabic', 'French', 'English']","$800,000","$964,028",121
0,239,2948372,Soul,2020,Pete Docter,"['Jamie Foxx', 'Tina Fey', 'Graham Norton']",8.1,242713,"['Animation', 'Adventure', 'Comedy', 'Family', 'Fantasy', 'Music']",['USA'],"['English', 'Korean', 'Inuktitut']",,"$117,782,175",100
0,240,0048021,Rififi,1955,Jules Dassin,"['Jean Servais', 'Carl Möhner', 'Robert Manuel']",8.1,30494,"['Crime', 'Drama', 'Thriller']",['France'],"['French', 'Italian', 'English']",,"$521,342",118
0,241,0381681,Before Sunset,2004,Richard Linklater,"['Ethan Hawke', 'Julie Delpy', 'Vernon Dobtcheff']",8.1,241714,"['Drama', 'Romance']","['USA', 'France']","['English', 'French']","$2,700,000","$15,936,507",80
0,242,0083922,Fanny and Alexander,1982,Ingmar Bergman,"['Bertil Guve', 'Pernilla Allwin', 'Kristina Adolphson']",8.1,58623,['Drama'],"['Sweden', 'France', 'West Germany']","['Swedish', 'German', 'Yiddish', 'English', 'French']","$6,000,000","$6,795,771",188
0,243,0018455,Sunrise,1927,F.W. Murnau,"[""George O'Brien"", 'Janet Gaynor', 'Margaret Livingston']",8.1,47561,"['Drama', 'Romance']",['USA'],['English'],"$200,000","$121,107",94
0,244,0093779,The Princess Bride,1987,Rob Reiner,"['Cary Elwes', 'Mandy Patinkin', 'Robin Wright']",8.1,398806,"['Adventure', 'Family', 'Fantasy', 'Romance']","['UK', 'USA']",['English'],"$16,000,000","$30,902,642",98
0,245,0111495,Three Colors: Red,1994,Krzysztof Kieslowski,"['Irène Jacob', 'Jean-Louis Trintignant', 'Frédérique Feder']",8.1,93237,"['Drama', 'Mystery', 'Romance']","['Switzerland', 'France', 'Poland']",['French'],,"$3,581,969",99
0,246,0169858,Neon Genesis Evangelion: The End of Evangelion,1997,Hideaki Anno,"['Megumi Ogata', 'Megumi Hayashibara', 'Yûko Miyamura']",8.1,41717,"['Animation', 'Action', 'Drama', 'Fantasy', 'Sci-Fi']",['Japan'],['Japanese'],,,87
0,247,0066763,Anand,1971,Hrishikesh Mukherjee,"['Rajesh Khanna', 'Amitabh Bachchan', 'Sumita Sanyal']",8.3,31743,"['Drama', 'Musical']",['India'],['Hindi'],"INR3,000,000",,122
0,248,0056217,The Man Who Shot Liberty Valance,1962,John Ford,"['James Stewart', 'John Wayne', 'Vera Miles']",8.1,70294,"['Drama', 'Western']",['USA'],['English'],"$3,200,000",,123
0,249,0087884,"Paris, Texas",1984,Wim Wenders,"['Harry Dean Stanton', 'Nastassja Kinski', 'Dean Stockwell']",8.1,94983,['Drama'],"['West Germany', 'France', 'UK', 'USA']","['English', 'Spanish']","GBP1,162,000","$2,206,121",145
0,250,0050613,Throne of Blood,1957,Akira Kurosawa,"['Toshirô Mifune', 'Minoru Chiaki', 'Isuzu Yamada']",8.1,47807,"['Drama', 'History']",['Japan'],['Japanese'],,"$46,808",110
